Sample:float,Data:float
"0.0","0.0"
"1.0","0.0"
"2.0","0.0"
"3.0","0.0"
"4.0","0.012566360644996166"
"5.0","0.025132721289992332"
"6.0","0.050265442579984665"
"7.0","0.08796452730894089"
"8.0","0.1256636083126068"
"9.0","0.17592905461788177"
"10.0","0.23247766494750977"
"11.0","0.29530948400497437"
"12.0","0.3581412732601166"
"13.0","0.4335394501686096"
"14.0","0.5152207612991333"
"15.0","0.5969021320343018"
"16.0","0.6785835027694702"
"17.0","0.7728312015533447"
"18.0","0.8607956767082214"
"19.0","0.9550434350967407"
"20.0","1.0555742979049683"
"21.0","1.1561051607131958"
"22.0","1.2566360235214233"
"23.0","1.3571670055389404"
"24.0","1.463981032371521"
"25.0","1.5645118951797485"
"26.0","1.671325922012329"
"27.0","1.7781400680541992"
"28.0","1.8849540948867798"
"29.0","1.9917681217193604"
"30.0","2.104865312576294"
"31.0","2.211679458618164"
"32.0","2.3247766494750977"
"33.0","2.4315907955169678"
"34.0","2.5446879863739014"
"35.0","2.6515021324157715"
"36.0","2.764599323272705"
"37.0","2.8776965141296387"
"38.0","2.9907939434051514"
"39.0","3.103891134262085"
"40.0","3.2169883251190186"
"41.0","3.330085515975952"
"42.0","3.4431827068328857"
"43.0","3.5562801361083984"
"44.0","3.669377326965332"
"45.0","3.7824745178222656"
"46.0","3.895571708679199"
"47.0","4.008668899536133"
"48.0","4.121766090393066"
"49.0","4.234863758087158"
"50.0","4.347960948944092"
"51.0","4.461058139801025"
"52.0","4.574155330657959"
"53.0","4.687252521514893"
"54.0","4.800349712371826"
"55.0","4.91344690322876"
"56.0","5.026544094085693"
"57.0","5.139641284942627"
"58.0","5.252738952636719"
"59.0","5.365836143493652"
"60.0","5.478933334350586"
"61.0","5.598313808441162"
"62.0","5.711410999298096"
"63.0","5.824508190155029"
"64.0","5.937605381011963"
"65.0","6.056985855102539"
"66.0","6.170083045959473"
"67.0","6.283180236816406"
"68.0","6.402560710906982"
"69.0","6.515657901763916"
"70.0","6.62875509262085"
"71.0","6.741852283477783"
"72.0","6.861232757568359"
"73.0","6.974329948425293"
"74.0","7.087427616119385"
"75.0","7.206807613372803"
"76.0","7.3199052810668945"
"77.0","7.433002471923828"
"78.0","7.546099662780762"
"79.0","7.665480136871338"
"80.0","7.7785773277282715"
"81.0","7.891674518585205"
"82.0","8.011054992675781"
"83.0","8.124152183532715"
"84.0","8.237249374389648"
"85.0","8.350346565246582"
"86.0","8.469727516174316"
"87.0","8.58282470703125"
"88.0","8.695921897888184"
"89.0","8.815301895141602"
"90.0","8.928399085998535"
"91.0","9.041496276855469"
"92.0","9.160877227783203"
"93.0","9.273974418640137"
"94.0","9.38707160949707"
"95.0","9.506451606750488"
"96.0","9.619548797607422"
"97.0","9.732645988464355"
"98.0","9.85202693939209"
"99.0","9.965124130249023"
"100.0","10.078221321105957"
"101.0","10.19131851196289"
"102.0","10.304415702819824"
"103.0","10.423795700073242"
"104.0","10.536893844604492"
"105.0","10.649991035461426"
"106.0","10.76308822631836"
"107.0","10.876185417175293"
"108.0","10.989282608032227"
"109.0","11.10237979888916"
"110.0","11.221759796142578"
"111.0","11.334856986999512"
"112.0","11.447954177856445"
"113.0","11.561051368713379"
"114.0","11.674149513244629"
"115.0","11.787246704101562"
"116.0","11.90662670135498"
"117.0","12.019723892211914"
"118.0","12.132821083068848"
"119.0","12.245918273925781"
"120.0","12.365299224853516"
"121.0","12.47839641571045"
"122.0","12.591493606567383"
"123.0","12.7108736038208"
"124.0","12.823970794677734"
"125.0","12.937067985534668"
"126.0","13.056448936462402"
"127.0","13.169546127319336"
"128.0","13.28264331817627"
"129.0","13.395740509033203"
"130.0","13.515120506286621"
"131.0","13.628217697143555"
"132.0","13.741315841674805"
"133.0","13.854413032531738"
"134.0","13.973793029785156"
"135.0","14.08689022064209"
"136.0","14.199987411499023"
"137.0","14.319368362426758"
"138.0","14.432465553283691"
"139.0","14.545562744140625"
"140.0","14.658659934997559"
"141.0","14.771757125854492"
"142.0","14.89113712310791"
"143.0","15.004234313964844"
"144.0","15.117331504821777"
"145.0","15.236712455749512"
"146.0","15.349809646606445"
"147.0","15.462906837463379"
"148.0","15.582286834716797"
"149.0","15.69538402557373"
"150.0","15.808481216430664"
"151.0","15.921579360961914"
"152.0","16.04096031188965"
"153.0","16.154056549072266"
"154.0","16.267154693603516"
"155.0","16.380250930786133"
"156.0","16.493349075317383"
"157.0","16.612728118896484"
"158.0","16.725826263427734"
"159.0","16.83892250061035"
"160.0","16.9520206451416"
"161.0","17.06511688232422"
"162.0","17.17821502685547"
"163.0","17.29131317138672"
"164.0","17.404409408569336"
"165.0","17.517507553100586"
"166.0","17.636886596679688"
"167.0","17.749984741210938"
"168.0","17.863080978393555"
"169.0","17.976179122924805"
"170.0","18.089275360107422"
"171.0","18.202373504638672"
"172.0","18.31546974182129"
"173.0","18.434850692749023"
"174.0","18.547948837280273"
"175.0","18.66104507446289"
"176.0","18.77414321899414"
"177.0","18.893524169921875"
"178.0","19.006620407104492"
"179.0","19.119718551635742"
"180.0","19.23281478881836"
"181.0","19.352195739746094"
"182.0","19.46529197692871"
"183.0","19.57839012145996"
"184.0","19.691486358642578"
"185.0","19.810867309570312"
"186.0","19.923965454101562"
"187.0","20.03706169128418"
"188.0","20.15015983581543"
"189.0","20.263256072998047"
"190.0","20.38263702392578"
"191.0","20.4957332611084"
"192.0","20.60883140563965"
"193.0","20.7219295501709"
"194.0","20.84130859375"
"195.0","20.95440673828125"
"196.0","21.067502975463867"
"197.0","21.180601119995117"
"198.0","21.293697357177734"
"199.0","21.41307830810547"
"200.0","21.52617645263672"
"201.0","21.63298988342285"
"202.0","21.739803314208984"
"203.0","21.83405113220215"
"204.0","21.922016143798828"
"205.0","22.009981155395508"
"206.0","22.0790958404541"
"207.0","22.148210525512695"
"208.0","22.20475959777832"
"209.0","22.261308670043945"
"210.0","22.311573028564453"
"211.0","22.349271774291992"
"212.0","22.386972427368164"
"213.0","22.424671173095703"
"214.0","22.44980239868164"
"215.0","22.47493553161621"
"216.0","22.50006866455078"
"217.0","22.518918991088867"
"218.0","22.53776741027832"
"219.0","22.550334930419922"
"220.0","22.56290054321289"
"221.0","22.57546615600586"
"222.0","22.58803367614746"
"223.0","22.594316482543945"
"224.0","22.60059928894043"
"225.0","22.61316680908203"
"226.0","22.619449615478516"
"227.0","22.619449615478516"
"228.0","22.625732421875"
"229.0","22.625732421875"
"230.0","22.632015228271484"
"231.0","22.632015228271484"
"232.0","22.63829803466797"
"233.0","22.63829803466797"
"234.0","22.63829803466797"
"235.0","22.63829803466797"
"236.0","22.63829803466797"
"237.0","22.63829803466797"
"238.0","22.63829803466797"
"239.0","22.63829803466797"
"240.0","22.632015228271484"
"241.0","22.632015228271484"
"242.0","22.632015228271484"
"243.0","22.632015228271484"
"244.0","22.632015228271484"
"245.0","22.625732421875"
"246.0","22.625732421875"
"247.0","22.625732421875"
"248.0","22.625732421875"
"249.0","22.625732421875"
"250.0","22.619449615478516"
"251.0","22.619449615478516"
"252.0","22.619449615478516"
"253.0","22.619449615478516"
"254.0","22.619449615478516"
"255.0","22.619449615478516"
"256.0","22.619449615478516"
"257.0","22.619449615478516"
"258.0","22.619449615478516"
"259.0","22.619449615478516"
"260.0","22.619449615478516"
"261.0","22.619449615478516"
"262.0","22.619449615478516"
"263.0","22.619449615478516"
"264.0","22.619449615478516"
"265.0","22.619449615478516"
"266.0","22.619449615478516"
"267.0","22.619449615478516"
"268.0","22.619449615478516"
"269.0","22.619449615478516"
"270.0","22.619449615478516"
"271.0","22.619449615478516"
"272.0","22.619449615478516"
"273.0","22.619449615478516"
"274.0","22.619449615478516"
"275.0","22.619449615478516"
"276.0","22.619449615478516"
"277.0","22.619449615478516"
"278.0","22.619449615478516"
"279.0","22.619449615478516"
"280.0","22.619449615478516"
"281.0","22.619449615478516"
"282.0","22.619449615478516"
"283.0","22.619449615478516"
"284.0","22.619449615478516"
"285.0","22.619449615478516"
"286.0","22.619449615478516"
"287.0","22.619449615478516"
"288.0","22.619449615478516"
"289.0","22.619449615478516"
"290.0","22.619449615478516"
"291.0","22.619449615478516"
"292.0","22.619449615478516"
"293.0","22.619449615478516"
"294.0","22.619449615478516"
"295.0","22.619449615478516"
"296.0","22.619449615478516"
"297.0","22.619449615478516"
"298.0","22.619449615478516"
"299.0","22.619449615478516"
"300.0","22.619449615478516"
"301.0","22.619449615478516"
"302.0","22.619449615478516"
"303.0","22.619449615478516"
"304.0","22.619449615478516"
"305.0","22.619449615478516"
"306.0","22.619449615478516"
"307.0","22.619449615478516"
"308.0","22.619449615478516"
"309.0","22.619449615478516"
"310.0","22.619449615478516"
"311.0","22.619449615478516"
"312.0","22.619449615478516"
"313.0","22.619449615478516"
"314.0","22.619449615478516"
"315.0","22.619449615478516"
"316.0","22.619449615478516"
"317.0","22.619449615478516"
"318.0","22.619449615478516"
"319.0","22.619449615478516"
"320.0","22.619449615478516"
"321.0","22.619449615478516"
"322.0","22.619449615478516"
"323.0","22.619449615478516"
"324.0","22.619449615478516"
"325.0","22.619449615478516"
"326.0","22.619449615478516"
"327.0","22.619449615478516"
"328.0","22.619449615478516"
"329.0","22.619449615478516"
"330.0","22.619449615478516"
"331.0","22.619449615478516"
"332.0","22.619449615478516"
"333.0","22.619449615478516"
"334.0","22.619449615478516"
"335.0","22.619449615478516"
"336.0","22.619449615478516"
"337.0","22.619449615478516"
"338.0","22.619449615478516"
"339.0","22.619449615478516"
"340.0","22.619449615478516"
"341.0","22.619449615478516"
"342.0","22.619449615478516"
"343.0","22.619449615478516"
"344.0","22.619449615478516"
"345.0","22.619449615478516"
"346.0","22.619449615478516"
"347.0","22.619449615478516"
"348.0","22.619449615478516"
"349.0","22.619449615478516"
"350.0","22.619449615478516"
"351.0","22.619449615478516"
"352.0","22.619449615478516"
"353.0","22.619449615478516"
"354.0","22.619449615478516"
"355.0","22.619449615478516"
"356.0","22.619449615478516"
"357.0","22.619449615478516"
"358.0","22.619449615478516"
"359.0","22.619449615478516"
"360.0","22.619449615478516"
"361.0","22.619449615478516"
"362.0","22.619449615478516"
"363.0","22.619449615478516"
"364.0","22.619449615478516"
"365.0","22.619449615478516"
"366.0","22.619449615478516"
"367.0","22.619449615478516"
"368.0","22.619449615478516"
"369.0","22.619449615478516"
"370.0","22.619449615478516"
"371.0","22.619449615478516"
"372.0","22.619449615478516"
"373.0","22.619449615478516"
"374.0","22.619449615478516"
"375.0","22.619449615478516"
"376.0","22.619449615478516"
"377.0","22.619449615478516"
"378.0","22.619449615478516"
"379.0","22.619449615478516"
"380.0","22.619449615478516"
"381.0","22.619449615478516"
"382.0","22.619449615478516"
"383.0","22.619449615478516"
"384.0","22.619449615478516"
"385.0","22.619449615478516"
"386.0","22.619449615478516"
"387.0","22.619449615478516"
"388.0","22.619449615478516"
"389.0","22.619449615478516"
"390.0","22.619449615478516"
"391.0","22.619449615478516"
"392.0","22.619449615478516"
"393.0","22.619449615478516"
"394.0","22.619449615478516"
"395.0","22.619449615478516"
"396.0","22.619449615478516"
"397.0","22.619449615478516"
"398.0","22.619449615478516"
"399.0","22.619449615478516"
"400.0","22.619449615478516"
"401.0","22.61316680908203"
"402.0","22.60059928894043"
"403.0","22.581750869750977"
"404.0","22.556617736816406"
"405.0","22.52520179748535"
"406.0","22.481218338012695"
"407.0","22.430953979492188"
"408.0","22.374404907226562"
"409.0","22.30529022216797"
"410.0","22.236175537109375"
"411.0","22.160776138305664"
"412.0","22.0790958404541"
"413.0","21.991130828857422"
"414.0","21.903165817260742"
"415.0","21.808917999267578"
"416.0","21.714672088623047"
"417.0","21.620424270629883"
"418.0","21.5198917388916"
"419.0","21.41307830810547"
"420.0","21.31254768371582"
"421.0","21.205734252929688"
"422.0","21.10520362854004"
"423.0","20.998388290405273"
"424.0","20.89157485961914"
"425.0","20.77847671508789"
"426.0","20.671663284301758"
"427.0","20.564849853515625"
"428.0","20.45803451538086"
"429.0","20.344938278198242"
"430.0","20.231840133666992"
"431.0","20.12502670288086"
"432.0","20.01192855834961"
"433.0","19.905115127563477"
"434.0","19.79201889038086"
"435.0","19.67892074584961"
"436.0","19.56582260131836"
"437.0","19.459009170532227"
"438.0","19.34591293334961"
"439.0","19.23281478881836"
"440.0","19.119718551635742"
"441.0","19.006620407104492"
"442.0","18.893524169921875"
"443.0","18.780426025390625"
"444.0","18.667327880859375"
"445.0","18.554231643676758"
"446.0","18.441133499145508"
"447.0","18.32803726196289"
"448.0","18.21493911743164"
"449.0","18.101842880249023"
"450.0","17.988744735717773"
"451.0","17.875648498535156"
"452.0","17.762550354003906"
"453.0","17.64945411682129"
"454.0","17.53635597229004"
"455.0","17.423259735107422"
"456.0","17.310161590576172"
"457.0","17.197065353393555"
"458.0","17.07768440246582"
"459.0","16.96458625793457"
"460.0","16.851490020751953"
"461.0","16.738391876220703"
"462.0","16.625295639038086"
"463.0","16.512197494506836"
"464.0","16.39910125732422"
"465.0","16.28600311279297"
"466.0","16.17290687561035"
"467.0","16.0598087310791"
"468.0","15.946711540222168"
"469.0","15.833614349365234"
"470.0","15.714234352111816"
"471.0","15.601137161254883"
"472.0","15.48803997039795"
"473.0","15.368659019470215"
"474.0","15.255561828613281"
"475.0","15.142464637756348"
"476.0","15.029367446899414"
"477.0","14.90998649597168"
"478.0","14.796889305114746"
"479.0","14.683792114257812"
"480.0","14.564412117004395"
"481.0","14.451314926147461"
"482.0","14.338217735290527"
"483.0","14.225120544433594"
"484.0","14.11202335357666"
"485.0","13.992642402648926"
"486.0","13.879545211791992"
"487.0","13.766448020935059"
"488.0","13.653350830078125"
"489.0","13.540253639221191"
"490.0","13.420873641967773"
"491.0","13.307775497436523"
"492.0","13.19467830657959"
"493.0","13.081581115722656"
"494.0","12.968483924865723"
"495.0","12.849103927612305"
"496.0","12.736006736755371"
"497.0","12.622909545898438"
"498.0","12.509812355041504"
"499.0","12.39671516418457"
"500.0","12.283617973327637"
"501.0","12.164237022399902"
"502.0","12.051139831542969"
"503.0","11.938042640686035"
"504.0","11.824945449829102"
"505.0","11.711848258972168"
"506.0","11.592467308044434"
"507.0","11.4793701171875"
"508.0","11.366272926330566"
"509.0","11.253175735473633"
"510.0","11.1400785446167"
"511.0","11.026981353759766"
"512.0","10.913884162902832"
"513.0","10.800786972045898"
"514.0","10.687689781188965"
"515.0","10.574592590332031"
"516.0","10.461495399475098"
"517.0","10.348398208618164"
"518.0","10.23530101776123"
"519.0","10.122203826904297"
"520.0","10.009106636047363"
"521.0","9.889725685119629"
"522.0","9.776628494262695"
"523.0","9.663531303405762"
"524.0","9.550434112548828"
"525.0","9.437336921691895"
"526.0","9.31795597076416"
"527.0","9.204858779907227"
"528.0","9.091761589050293"
"529.0","8.97866439819336"
"530.0","8.859284400939941"
"531.0","8.746187210083008"
"532.0","8.633090019226074"
"533.0","8.51999282836914"
"534.0","8.400611877441406"
"535.0","8.287514686584473"
"536.0","8.174417495727539"
"537.0","8.061320304870605"
"538.0","7.948223114013672"
"539.0","7.828842639923096"
"540.0","7.715745449066162"
"541.0","7.6026482582092285"
"542.0","7.489551067352295"
"543.0","7.376453876495361"
"544.0","7.263356685638428"
"545.0","7.143976211547852"
"546.0","7.03087854385376"
"547.0","6.917781352996826"
"548.0","6.804684162139893"
"549.0","6.691586971282959"
"550.0","6.572206497192383"
"551.0","6.459109306335449"
"552.0","6.346012115478516"
"553.0","6.232914924621582"
"554.0","6.119817733764648"
"555.0","6.006720542907715"
"556.0","5.887340068817139"
"557.0","5.774242877960205"
"558.0","5.6611456871032715"
"559.0","5.54804801940918"
"560.0","5.434950828552246"
"561.0","5.3218536376953125"
"562.0","5.202473163604736"
"563.0","5.089375972747803"
"564.0","4.976278781890869"
"565.0","4.8631815910339355"
"566.0","4.750084400177002"
"567.0","4.636987209320068"
"568.0","4.523890018463135"
"569.0","4.410792350769043"
"570.0","4.297695159912109"
"571.0","4.184597969055176"
"572.0","4.071500778198242"
"573.0","3.9584035873413086"
"574.0","3.845306396484375"
"575.0","3.7322092056274414"
"576.0","3.6191117763519287"
"577.0","3.506014585494995"
"578.0","3.3929173946380615"
"579.0","3.2735369205474854"
"580.0","3.1604397296905518"
"581.0","3.047342538833618"
"582.0","2.9342451095581055"
"583.0","2.8148648738861084"
"584.0","2.7017674446105957"
"585.0","2.588670253753662"
"586.0","2.4755730628967285"
"587.0","2.3561925888061523"
"588.0","2.2430953979492188"
"589.0","2.129998207092285"
"590.0","2.0169007778167725"
"591.0","1.8975204229354858"
"592.0","1.7844232320785522"
"593.0","1.671325922012329"
"594.0","1.5582287311553955"
"595.0","1.4451314210891724"
"596.0","1.3320342302322388"
"597.0","1.2126537561416626"
"598.0","1.099556565284729"
"599.0","0.9864593148231506"
"600.0","0.8733620643615723"
"601.0","0.7665479779243469"
"602.0","0.6597339510917664"
"603.0","0.5654862523078918"
"604.0","0.47752171754837036"
"605.0","0.3958403468132019"
"606.0","0.32044219970703125"
"607.0","0.25761038064956665"
"608.0","0.19477859139442444"
"609.0","0.14451314508914948"
"610.0","0.10053088515996933"
"611.0","0.056548621505498886"
"612.0","0.025132721289992332"
"613.0","-0.006283180322498083"
"614.0","-0.037699081003665924"
"615.0","-0.0628318041563034"
"616.0","-0.08168134093284607"
"617.0","-0.10053088515996933"
"618.0","-0.11938042938709259"
"619.0","-0.13194678723812103"
"620.0","-0.14451314508914948"
"621.0","-0.15707950294017792"
"622.0","-0.16336268186569214"
"623.0","-0.17592905461788177"
"624.0","-0.182212233543396"
"625.0","-0.18849541246891022"
"626.0","-0.19477859139442444"
"627.0","-0.19477859139442444"
"628.0","-0.20106177031993866"
"629.0","-0.20106177031993866"
"630.0","-0.20734494924545288"
"631.0","-0.20734494924545288"
"632.0","-0.20734494924545288"
"633.0","-0.20734494924545288"
"634.0","-0.20734494924545288"
"635.0","-0.20734494924545288"
"636.0","-0.20734494924545288"
"637.0","-0.20734494924545288"
"638.0","-0.20734494924545288"
"639.0","-0.20734494924545288"
"640.0","-0.20734494924545288"
"641.0","-0.20734494924545288"
"642.0","-0.20734494924545288"
"643.0","-0.20734494924545288"
"644.0","-0.20734494924545288"
"645.0","-0.20106177031993866"
"646.0","-0.20106177031993866"
"647.0","-0.20106177031993866"
"648.0","-0.20106177031993866"
"649.0","-0.20106177031993866"
"650.0","-0.19477859139442444"
"651.0","-0.19477859139442444"
"652.0","-0.19477859139442444"
"653.0","-0.19477859139442444"
"654.0","-0.19477859139442444"
"655.0","-0.19477859139442444"
"656.0","-0.19477859139442444"
"657.0","-0.19477859139442444"
"658.0","-0.19477859139442444"
"659.0","-0.19477859139442444"
"660.0","-0.19477859139442444"
"661.0","-0.19477859139442444"
"662.0","-0.19477859139442444"
"663.0","-0.19477859139442444"
"664.0","-0.19477859139442444"
"665.0","-0.19477859139442444"
"666.0","-0.19477859139442444"
"667.0","-0.19477859139442444"
"668.0","-0.19477859139442444"
"669.0","-0.19477859139442444"
"670.0","-0.19477859139442444"
"671.0","-0.19477859139442444"
"672.0","-0.19477859139442444"
"673.0","-0.19477859139442444"
"674.0","-0.19477859139442444"
"675.0","-0.19477859139442444"
"676.0","-0.19477859139442444"
"677.0","-0.19477859139442444"
"678.0","-0.19477859139442444"
"679.0","-0.19477859139442444"
"680.0","-0.19477859139442444"
"681.0","-0.19477859139442444"
"682.0","-0.19477859139442444"
"683.0","-0.19477859139442444"
"684.0","-0.19477859139442444"
"685.0","-0.19477859139442444"
"686.0","-0.19477859139442444"
"687.0","-0.19477859139442444"
"688.0","-0.19477859139442444"
"689.0","-0.19477859139442444"
"690.0","-0.19477859139442444"
"691.0","-0.19477859139442444"
"692.0","-0.19477859139442444"
"693.0","-0.19477859139442444"
"694.0","-0.19477859139442444"
"695.0","-0.19477859139442444"
"696.0","-0.19477859139442444"
"697.0","-0.19477859139442444"
"698.0","-0.19477859139442444"
"699.0","-0.19477859139442444"
"700.0","-0.19477859139442444"
"701.0","-0.19477859139442444"
"702.0","-0.19477859139442444"
"703.0","-0.19477859139442444"
"704.0","-0.19477859139442444"
"705.0","-0.19477859139442444"
"706.0","-0.19477859139442444"
"707.0","-0.19477859139442444"
"708.0","-0.19477859139442444"
"709.0","-0.19477859139442444"
"710.0","-0.19477859139442444"
"711.0","-0.19477859139442444"
"712.0","-0.19477859139442444"
"713.0","-0.19477859139442444"
"714.0","-0.19477859139442444"
"715.0","-0.19477859139442444"
"716.0","-0.19477859139442444"
"717.0","-0.19477859139442444"
"718.0","-0.19477859139442444"
"719.0","-0.19477859139442444"
"720.0","-0.19477859139442444"
"721.0","-0.19477859139442444"
"722.0","-0.19477859139442444"
"723.0","-0.19477859139442444"
"724.0","-0.19477859139442444"
"725.0","-0.19477859139442444"
"726.0","-0.19477859139442444"
"727.0","-0.19477859139442444"
"728.0","-0.19477859139442444"
"729.0","-0.19477859139442444"
"730.0","-0.19477859139442444"
"731.0","-0.19477859139442444"
"732.0","-0.19477859139442444"
"733.0","-0.19477859139442444"
"734.0","-0.19477859139442444"
"735.0","-0.19477859139442444"
"736.0","-0.19477859139442444"
"737.0","-0.19477859139442444"
"738.0","-0.19477859139442444"
"739.0","-0.19477859139442444"
"740.0","-0.19477859139442444"
"741.0","-0.19477859139442444"
"742.0","-0.19477859139442444"
"743.0","-0.19477859139442444"
"744.0","-0.19477859139442444"
"745.0","-0.19477859139442444"
"746.0","-0.19477859139442444"
"747.0","-0.19477859139442444"
"748.0","-0.19477859139442444"
"749.0","-0.19477859139442444"
"750.0","-0.19477859139442444"
"751.0","-0.19477859139442444"
"752.0","-0.19477859139442444"
"753.0","-0.19477859139442444"
"754.0","-0.19477859139442444"
"755.0","-0.19477859139442444"
"756.0","-0.19477859139442444"
"757.0","-0.19477859139442444"
"758.0","-0.19477859139442444"
"759.0","-0.19477859139442444"
"760.0","-0.19477859139442444"
"761.0","-0.19477859139442444"
"762.0","-0.19477859139442444"
"763.0","-0.19477859139442444"
"764.0","-0.19477859139442444"
"765.0","-0.19477859139442444"
"766.0","-0.19477859139442444"
"767.0","-0.19477859139442444"
"768.0","-0.19477859139442444"
"769.0","-0.19477859139442444"
"770.0","-0.19477859139442444"
"771.0","-0.19477859139442444"
"772.0","-0.19477859139442444"
"773.0","-0.19477859139442444"
"774.0","-0.19477859139442444"
"775.0","-0.19477859139442444"
"776.0","-0.19477859139442444"
"777.0","-0.19477859139442444"
"778.0","-0.19477859139442444"
"779.0","-0.19477859139442444"
"780.0","-0.19477859139442444"
"781.0","-0.19477859139442444"
"782.0","-0.19477859139442444"
"783.0","-0.19477859139442444"
"784.0","-0.19477859139442444"
"785.0","-0.19477859139442444"
"786.0","-0.19477859139442444"
"787.0","-0.19477859139442444"
"788.0","-0.19477859139442444"
"789.0","-0.19477859139442444"
"790.0","-0.19477859139442444"
"791.0","-0.19477859139442444"
"792.0","-0.19477859139442444"
"793.0","-0.19477859139442444"
"794.0","-0.19477859139442444"
"795.0","-0.19477859139442444"
"796.0","-0.19477859139442444"
"797.0","-0.19477859139442444"
"798.0","-0.19477859139442444"
"799.0","-0.19477859139442444"
"800.0","-0.19477859139442444"
"801.0","-0.18849541246891022"
"802.0","-0.17592905461788177"
"803.0","-0.15707950294017792"
"804.0","-0.13194678723812103"
"805.0","-0.09424770623445511"
"806.0","-0.050265442579984665"
"807.0","0.0"
"808.0","0.0628318041563034"
"809.0","0.1256636083126068"
"810.0","0.20106177031993866"
"811.0","0.2764599323272705"
"812.0","0.3581412732601166"
"813.0","0.44610580801963806"
"814.0","0.5340703129768372"
"815.0","0.6283180117607117"
"816.0","0.7225657105445862"
"817.0","0.8168134689331055"
"818.0","0.917344331741333"
"819.0","1.0178751945495605"
"820.0","1.118406057357788"
"821.0","1.2252202033996582"
"822.0","1.3320342302322388"
"823.0","1.4325650930404663"
"824.0","1.5393791198730469"
"825.0","1.646193265914917"
"826.0","1.7592904567718506"
"827.0","1.8661046028137207"
"828.0","1.9729186296463013"
"829.0","2.0860159397125244"
"830.0","2.1928298473358154"
"831.0","2.305927276611328"
"832.0","2.412741184234619"
"833.0","2.5258383750915527"
"834.0","2.6389358043670654"
"835.0","2.752032995223999"
"836.0","2.8651301860809326"
"837.0","2.9719443321228027"
"838.0","3.091324806213379"
"839.0","3.19813871383667"
"840.0","3.317519187927246"
"841.0","3.424333333969116"
"842.0","3.5437138080596924"
"843.0","3.656810998916626"
"844.0","3.7699081897735596"
"845.0","3.883005380630493"
"846.0","3.9961025714874268"
"847.0","4.1092000007629395"
"848.0","4.222297191619873"
"849.0","4.335394382476807"
"850.0","4.44849157333374"
"851.0","4.561588764190674"
"852.0","4.674685955047607"
"853.0","4.787783622741699"
"854.0","4.900880813598633"
"855.0","5.013978004455566"
"856.0","5.1270751953125"
"857.0","5.240172386169434"
"858.0","5.353269577026367"
"859.0","5.466366767883301"
"860.0","5.579463958740234"
"861.0","5.6988444328308105"
"862.0","5.811941623687744"
"863.0","5.925038814544678"
"864.0","6.0381364822387695"
"865.0","6.1575164794921875"
"866.0","6.270614147186279"
"867.0","6.383711338043213"
"868.0","6.4968085289001465"
"869.0","6.616189002990723"
"870.0","6.729286193847656"
"871.0","6.84238338470459"
"872.0","6.961763858795166"
"873.0","7.0748610496521"
"874.0","7.187958240509033"
"875.0","7.301055431365967"
"876.0","7.420435905456543"
"877.0","7.533533096313477"
"878.0","7.64663028717041"
"879.0","7.759727478027344"
"880.0","7.8728251457214355"
"881.0","7.9922051429748535"
"882.0","8.105302810668945"
"883.0","8.218400001525879"
"884.0","8.331497192382812"
"885.0","8.45087718963623"
"886.0","8.563974380493164"
"887.0","8.677071571350098"
"888.0","8.790169715881348"
"889.0","8.903266906738281"
"890.0","9.0226469039917"
"891.0","9.135744094848633"
"892.0","9.248841285705566"
"893.0","9.3682222366333"
"894.0","9.481319427490234"
"895.0","9.594416618347168"
"896.0","9.707513809204102"
"897.0","9.82689380645752"
"898.0","9.939990997314453"
"899.0","10.053088188171387"
"900.0","10.16618537902832"
"901.0","10.279282569885254"
"902.0","10.392380714416504"
"903.0","10.505477905273438"
"904.0","10.624857902526855"
"905.0","10.737955093383789"
"906.0","10.851052284240723"
"907.0","10.964149475097656"
"908.0","11.07724666595459"
"909.0","11.190343856811523"
"910.0","11.303441047668457"
"911.0","11.41653823852539"
"912.0","11.529635429382324"
"913.0","11.642733573913574"
"914.0","11.762113571166992"
"915.0","11.875210762023926"
"916.0","11.98830795288086"
"917.0","12.101405143737793"
"918.0","12.214502334594727"
"919.0","12.333883285522461"
"920.0","12.446980476379395"
"921.0","12.560077667236328"
"922.0","12.673174858093262"
"923.0","12.79255485534668"
"924.0","12.905652046203613"
"925.0","13.018749237060547"
"926.0","13.138130187988281"
"927.0","13.251227378845215"
"928.0","13.364324569702148"
"929.0","13.477421760559082"
"930.0","13.5968017578125"
"931.0","13.70989990234375"
"932.0","13.822997093200684"
"933.0","13.936094284057617"
"934.0","14.04919147491455"
"935.0","14.162288665771484"
"936.0","14.281668663024902"
"937.0","14.394765853881836"
"938.0","14.50786304473877"
"939.0","14.620960235595703"
"940.0","14.734057426452637"
"941.0","14.853438377380371"
"942.0","14.966535568237305"
"943.0","15.079632759094238"
"944.0","15.192729949951172"
"945.0","15.305827140808105"
"946.0","15.42520809173584"
"947.0","15.538305282592773"
"948.0","15.651402473449707"
"949.0","15.76449966430664"
"950.0","15.883879661560059"
"951.0","15.996976852416992"
"952.0","16.110074996948242"
"953.0","16.22317123413086"
"954.0","16.33626937866211"
"955.0","16.45564842224121"
"956.0","16.56874656677246"
"957.0","16.681842803955078"
"958.0","16.794940948486328"
"959.0","16.908039093017578"
"960.0","17.021135330200195"
"961.0","17.134233474731445"
"962.0","17.247329711914062"
"963.0","17.360427856445312"
"964.0","17.47352409362793"
"965.0","17.58662223815918"
"966.0","17.699718475341797"
"967.0","17.812816619873047"
"968.0","17.925912857055664"
"969.0","18.039011001586914"
"970.0","18.15210723876953"
"971.0","18.271488189697266"
"972.0","18.384586334228516"
"973.0","18.497682571411133"
"974.0","18.610780715942383"
"975.0","18.730159759521484"
"976.0","18.843257904052734"
"977.0","18.95635414123535"
"978.0","19.0694522857666"
"979.0","19.18255043029785"
"980.0","19.301929473876953"
"981.0","19.415027618408203"
"982.0","19.52812385559082"
"983.0","19.64122200012207"
"984.0","19.754318237304688"
"985.0","19.873699188232422"
"986.0","19.986797332763672"
"987.0","20.09989356994629"
"988.0","20.21299171447754"
"989.0","20.326087951660156"
"990.0","20.439186096191406"
"991.0","20.558565139770508"
"992.0","20.671663284301758"
"993.0","20.784761428833008"
"994.0","20.897857666015625"
"995.0","21.010955810546875"
"996.0","21.124052047729492"
"997.0","21.243432998657227"
"998.0","21.356529235839844"
"999.0","21.469627380371094"
"1000.0","21.58272361755371"
"1001.0","21.689538955688477"
"1002.0","21.79635238647461"
"1003.0","21.890600204467773"
"1004.0","21.984848022460938"
"1005.0","22.060245513916016"
"1006.0","22.135644912719727"
"1007.0","22.198476791381836"
"1008.0","22.261308670043945"
"1009.0","22.311573028564453"
"1010.0","22.361839294433594"
"1011.0","22.399538040161133"
"1012.0","22.437236785888672"
"1013.0","22.468652725219727"
"1014.0","22.50006866455078"
"1015.0","22.52520179748535"
"1016.0","22.544050216674805"
"1017.0","22.56290054321289"
"1018.0","22.581750869750977"
"1019.0","22.594316482543945"
"1020.0","22.606882095336914"
"1021.0","22.619449615478516"
"1022.0","22.625732421875"
"1023.0","22.63829803466797"
"1024.0","22.644582748413086"
"1025.0","22.65086555480957"
"1026.0","22.657148361206055"
"1027.0","22.66343116760254"
"1028.0","22.66343116760254"
"1029.0","22.669713973999023"
"1030.0","22.669713973999023"
"1031.0","22.669713973999023"
"1032.0","22.67599868774414"
"1033.0","22.67599868774414"
"1034.0","22.67599868774414"
"1035.0","22.67599868774414"
"1036.0","22.67599868774414"
"1037.0","22.67599868774414"
"1038.0","22.67599868774414"
"1039.0","22.669713973999023"
"1040.0","22.669713973999023"
"1041.0","22.669713973999023"
"1042.0","22.669713973999023"
"1043.0","22.669713973999023"
"1044.0","22.66343116760254"
"1045.0","22.66343116760254"
"1046.0","22.66343116760254"
"1047.0","22.66343116760254"
"1048.0","22.66343116760254"
"1049.0","22.657148361206055"
"1050.0","22.657148361206055"
"1051.0","22.657148361206055"
"1052.0","22.657148361206055"
"1053.0","22.657148361206055"
"1054.0","22.657148361206055"
"1055.0","22.657148361206055"
"1056.0","22.657148361206055"
"1057.0","22.657148361206055"
"1058.0","22.657148361206055"
"1059.0","22.657148361206055"
"1060.0","22.657148361206055"
"1061.0","22.657148361206055"
"1062.0","22.657148361206055"
"1063.0","22.657148361206055"
"1064.0","22.657148361206055"
"1065.0","22.657148361206055"
"1066.0","22.657148361206055"
"1067.0","22.657148361206055"
"1068.0","22.657148361206055"
"1069.0","22.657148361206055"
"1070.0","22.657148361206055"
"1071.0","22.657148361206055"
"1072.0","22.657148361206055"
"1073.0","22.657148361206055"
"1074.0","22.657148361206055"
"1075.0","22.657148361206055"
"1076.0","22.657148361206055"
"1077.0","22.657148361206055"
"1078.0","22.657148361206055"
"1079.0","22.657148361206055"
"1080.0","22.657148361206055"
"1081.0","22.657148361206055"
"1082.0","22.657148361206055"
"1083.0","22.657148361206055"
"1084.0","22.657148361206055"
"1085.0","22.657148361206055"
"1086.0","22.657148361206055"
"1087.0","22.657148361206055"
"1088.0","22.657148361206055"
"1089.0","22.657148361206055"
"1090.0","22.657148361206055"
"1091.0","22.657148361206055"
"1092.0","22.657148361206055"
"1093.0","22.657148361206055"
"1094.0","22.657148361206055"
"1095.0","22.657148361206055"
"1096.0","22.657148361206055"
"1097.0","22.657148361206055"
"1098.0","22.657148361206055"
"1099.0","22.657148361206055"
"1100.0","22.657148361206055"
"1101.0","22.657148361206055"
"1102.0","22.657148361206055"
"1103.0","22.657148361206055"
"1104.0","22.657148361206055"
"1105.0","22.657148361206055"
"1106.0","22.657148361206055"
"1107.0","22.657148361206055"
"1108.0","22.657148361206055"
"1109.0","22.657148361206055"
"1110.0","22.657148361206055"
"1111.0","22.657148361206055"
"1112.0","22.657148361206055"
"1113.0","22.657148361206055"
"1114.0","22.657148361206055"
"1115.0","22.657148361206055"
"1116.0","22.657148361206055"
"1117.0","22.657148361206055"
"1118.0","22.657148361206055"
"1119.0","22.657148361206055"
"1120.0","22.657148361206055"
"1121.0","22.657148361206055"
"1122.0","22.657148361206055"
"1123.0","22.657148361206055"
"1124.0","22.657148361206055"
"1125.0","22.657148361206055"
"1126.0","22.657148361206055"
"1127.0","22.657148361206055"
"1128.0","22.657148361206055"
"1129.0","22.657148361206055"
"1130.0","22.657148361206055"
"1131.0","22.657148361206055"
"1132.0","22.657148361206055"
"1133.0","22.657148361206055"
"1134.0","22.657148361206055"
"1135.0","22.657148361206055"
"1136.0","22.657148361206055"
"1137.0","22.657148361206055"
"1138.0","22.657148361206055"
"1139.0","22.657148361206055"
"1140.0","22.657148361206055"
"1141.0","22.657148361206055"
"1142.0","22.657148361206055"
"1143.0","22.657148361206055"
"1144.0","22.657148361206055"
"1145.0","22.657148361206055"
"1146.0","22.657148361206055"
"1147.0","22.657148361206055"
"1148.0","22.657148361206055"
"1149.0","22.657148361206055"
"1150.0","22.657148361206055"
"1151.0","22.657148361206055"
"1152.0","22.657148361206055"
"1153.0","22.657148361206055"
"1154.0","22.657148361206055"
"1155.0","22.657148361206055"
"1156.0","22.657148361206055"
"1157.0","22.657148361206055"
"1158.0","22.657148361206055"
"1159.0","22.657148361206055"
"1160.0","22.657148361206055"
"1161.0","22.657148361206055"
"1162.0","22.657148361206055"
"1163.0","22.657148361206055"
"1164.0","22.657148361206055"
"1165.0","22.657148361206055"
"1166.0","22.657148361206055"
"1167.0","22.657148361206055"
"1168.0","22.657148361206055"
"1169.0","22.657148361206055"
"1170.0","22.657148361206055"
"1171.0","22.657148361206055"
"1172.0","22.657148361206055"
"1173.0","22.657148361206055"
"1174.0","22.657148361206055"
"1175.0","22.657148361206055"
"1176.0","22.657148361206055"
"1177.0","22.657148361206055"
"1178.0","22.657148361206055"
"1179.0","22.657148361206055"
"1180.0","22.657148361206055"
"1181.0","22.657148361206055"
"1182.0","22.657148361206055"
"1183.0","22.657148361206055"
"1184.0","22.657148361206055"
"1185.0","22.657148361206055"
"1186.0","22.657148361206055"
"1187.0","22.657148361206055"
"1188.0","22.657148361206055"
"1189.0","22.657148361206055"
"1190.0","22.657148361206055"
"1191.0","22.657148361206055"
"1192.0","22.657148361206055"
"1193.0","22.657148361206055"
"1194.0","22.657148361206055"
"1195.0","22.657148361206055"
"1196.0","22.657148361206055"
"1197.0","22.657148361206055"
"1198.0","22.657148361206055"
"1199.0","22.657148361206055"
"1200.0","22.657148361206055"
"1201.0","22.65086555480957"
"1202.0","22.63829803466797"
"1203.0","22.619449615478516"
"1204.0","22.594316482543945"
"1205.0","22.556617736816406"
"1206.0","22.518918991088867"
"1207.0","22.468652725219727"
"1208.0","22.405820846557617"
"1209.0","22.342988967895508"
"1210.0","22.273874282836914"
"1211.0","22.19219207763672"
"1212.0","22.110511779785156"
"1213.0","22.02882957458496"
"1214.0","21.940866470336914"
"1215.0","21.84661865234375"
"1216.0","21.7460880279541"
"1217.0","21.651840209960938"
"1218.0","21.551307678222656"
"1219.0","21.450777053833008"
"1220.0","21.343963623046875"
"1221.0","21.243432998657227"
"1222.0","21.13661766052246"
"1223.0","21.029804229736328"
"1224.0","20.922990798950195"
"1225.0","20.81617546081543"
"1226.0","20.703079223632812"
"1227.0","20.59626579284668"
"1228.0","20.489450454711914"
"1229.0","20.376354217529297"
"1230.0","20.26953887939453"
"1231.0","20.156442642211914"
"1232.0","20.043344497680664"
"1233.0","19.93653106689453"
"1234.0","19.823434829711914"
"1235.0","19.710336685180664"
"1236.0","19.60352325439453"
"1237.0","19.49042510986328"
"1238.0","19.377328872680664"
"1239.0","19.264230728149414"
"1240.0","19.151134490966797"
"1241.0","19.038036346435547"
"1242.0","18.924938201904297"
"1243.0","18.81184196472168"
"1244.0","18.69874382019043"
"1245.0","18.585647583007812"
"1246.0","18.472549438476562"
"1247.0","18.359453201293945"
"1248.0","18.246355056762695"
"1249.0","18.133258819580078"
"1250.0","18.020160675048828"
"1251.0","17.90706443786621"
"1252.0","17.79396629333496"
"1253.0","17.680870056152344"
"1254.0","17.567771911621094"
"1255.0","17.454675674438477"
"1256.0","17.341577529907227"
"1257.0","17.22848129272461"
"1258.0","17.11538314819336"
"1259.0","17.00228500366211"
"1260.0","16.889188766479492"
"1261.0","16.776090621948242"
"1262.0","16.662994384765625"
"1263.0","16.549896240234375"
"1264.0","16.436800003051758"
"1265.0","16.323701858520508"
"1266.0","16.21060562133789"
"1267.0","16.09750747680664"
"1268.0","15.978127479553223"
"1269.0","15.865030288696289"
"1270.0","15.751933097839355"
"1271.0","15.638835906982422"
"1272.0","15.525738716125488"
"1273.0","15.406357765197754"
"1274.0","15.29326057434082"
"1275.0","15.180163383483887"
"1276.0","15.067066192626953"
"1277.0","14.947686195373535"
"1278.0","14.834589004516602"
"1279.0","14.721491813659668"
"1280.0","14.608394622802734"
"1281.0","14.4952974319458"
"1282.0","14.375916481018066"
"1283.0","14.262819290161133"
"1284.0","14.1497220993042"
"1285.0","14.036624908447266"
"1286.0","13.923527717590332"
"1287.0","13.810430526733398"
"1288.0","13.697333335876465"
"1289.0","13.57795238494873"
"1290.0","13.464855194091797"
"1291.0","13.351758003234863"
"1292.0","13.23866081237793"
"1293.0","13.125563621520996"
"1294.0","13.012466430664062"
"1295.0","12.899369239807129"
"1296.0","12.779989242553711"
"1297.0","12.666891098022461"
"1298.0","12.553793907165527"
"1299.0","12.440696716308594"
"1300.0","12.32759952545166"
"1301.0","12.214502334594727"
"1302.0","12.095122337341309"
"1303.0","11.982025146484375"
"1304.0","11.868927955627441"
"1305.0","11.755830764770508"
"1306.0","11.642733573913574"
"1307.0","11.529635429382324"
"1308.0","11.41653823852539"
"1309.0","11.303441047668457"
"1310.0","11.190343856811523"
"1311.0","11.07724666595459"
"1312.0","10.964149475097656"
"1313.0","10.851052284240723"
"1314.0","10.737955093383789"
"1315.0","10.624857902526855"
"1316.0","10.511760711669922"
"1317.0","10.398663520812988"
"1318.0","10.285566329956055"
"1319.0","10.172469139099121"
"1320.0","10.059371948242188"
"1321.0","9.946274757385254"
"1322.0","9.83317756652832"
"1323.0","9.713796615600586"
"1324.0","9.600699424743652"
"1325.0","9.487602233886719"
"1326.0","9.374505043029785"
"1327.0","9.261407852172852"
"1328.0","9.148310661315918"
"1329.0","9.028929710388184"
"1330.0","8.91583251953125"
"1331.0","8.802735328674316"
"1332.0","8.689638137817383"
"1333.0","8.57654094696045"
"1334.0","8.457160949707031"
"1335.0","8.344063758850098"
"1336.0","8.230966567993164"
"1337.0","8.11786937713623"
"1338.0","8.004772186279297"
"1339.0","7.891674518585205"
"1340.0","7.7785773277282715"
"1341.0","7.665480136871338"
"1342.0","7.546099662780762"
"1343.0","7.433002471923828"
"1344.0","7.3199052810668945"
"1345.0","7.206807613372803"
"1346.0","7.093710422515869"
"1347.0","6.9806132316589355"
"1348.0","6.867516040802002"
"1349.0","6.754418849945068"
"1350.0","6.641321659088135"
"1351.0","6.521941184997559"
"1352.0","6.408843994140625"
"1353.0","6.295746803283691"
"1354.0","6.182649612426758"
"1355.0","6.069552421569824"
"1356.0","5.956454753875732"
"1357.0","5.843357563018799"
"1358.0","5.730260372161865"
"1359.0","5.610879898071289"
"1360.0","5.4977827072143555"
"1361.0","5.384685516357422"
"1362.0","5.271588325500488"
"1363.0","5.158491134643555"
"1364.0","5.045393943786621"
"1365.0","4.9322967529296875"
"1366.0","4.819199085235596"
"1367.0","4.706101894378662"
"1368.0","4.5930047035217285"
"1369.0","4.479907512664795"
"1370.0","4.366810321807861"
"1371.0","4.253713130950928"
"1372.0","4.140615940093994"
"1373.0","4.0275187492370605"
"1374.0","3.914421319961548"
"1375.0","3.8013241291046143"
"1376.0","3.6882269382476807"
"1377.0","3.575129508972168"
"1378.0","3.4620323181152344"
"1379.0","3.348935127258301"
"1380.0","3.235837936401367"
"1381.0","3.1227405071258545"
"1382.0","3.0033602714538574"
"1383.0","2.8902628421783447"
"1384.0","2.777165651321411"
"1385.0","2.6640684604644775"
"1386.0","2.550971269607544"
"1387.0","2.4315907955169678"
"1388.0","2.318493604660034"
"1389.0","2.2053961753845215"
"1390.0","2.092298984527588"
"1391.0","1.9792017936706543"
"1392.0","1.8661046028137207"
"1393.0","1.7467241287231445"
"1394.0","1.633626937866211"
"1395.0","1.5205296277999878"
"1396.0","1.4074324369430542"
"1397.0","1.294335126876831"
"1398.0","1.1812379360198975"
"1399.0","1.0681406259536743"
"1400.0","0.9550434350967407"
"1401.0","0.8419461846351624"
"1402.0","0.74141526222229"
"1403.0","0.6471675634384155"
"1404.0","0.559203028678894"
"1405.0","0.47752171754837036"
"1406.0","0.4021235406398773"
"1407.0","0.3392917513847351"
"1408.0","0.2827431261539459"
"1409.0","0.23247766494750977"
"1410.0","0.182212233543396"
"1411.0","0.14451314508914948"
"1412.0","0.10681406408548355"
"1413.0","0.07539816200733185"
"1414.0","0.050265442579984665"
"1415.0","0.025132721289992332"
"1416.0","0.006283180322498083"
"1417.0","-0.012566360644996166"
"1418.0","-0.0314159020781517"
"1419.0","-0.043982263654470444"
"1420.0","-0.056548621505498886"
"1421.0","-0.06911498308181763"
"1422.0","-0.08168134093284607"
"1423.0","-0.08796452730894089"
"1424.0","-0.09424770623445511"
"1425.0","-0.10053088515996933"
"1426.0","-0.10681406408548355"
"1427.0","-0.11309724301099777"
"1428.0","-0.11938042938709259"
"1429.0","-0.11938042938709259"
"1430.0","-0.11938042938709259"
"1431.0","-0.1256636083126068"
"1432.0","-0.1256636083126068"
"1433.0","-0.1256636083126068"
"1434.0","-0.1256636083126068"
"1435.0","-0.13194678723812103"
"1436.0","-0.13194678723812103"
"1437.0","-0.13194678723812103"
"1438.0","-0.13194678723812103"
"1439.0","-0.13194678723812103"
"1440.0","-0.1256636083126068"
"1441.0","-0.1256636083126068"
"1442.0","-0.1256636083126068"
"1443.0","-0.1256636083126068"
"1444.0","-0.1256636083126068"
"1445.0","-0.1256636083126068"
"1446.0","-0.1256636083126068"
"1447.0","-0.11938042938709259"
"1448.0","-0.11938042938709259"
"1449.0","-0.11938042938709259"
"1450.0","-0.11938042938709259"
"1451.0","-0.11938042938709259"
"1452.0","-0.11938042938709259"
"1453.0","-0.11938042938709259"
"1454.0","-0.11938042938709259"
"1455.0","-0.11938042938709259"
"1456.0","-0.11938042938709259"
"1457.0","-0.11938042938709259"
"1458.0","-0.11938042938709259"
"1459.0","-0.11309724301099777"
"1460.0","-0.11309724301099777"
"1461.0","-0.11309724301099777"
"1462.0","-0.11309724301099777"
"1463.0","-0.11309724301099777"
"1464.0","-0.11309724301099777"
"1465.0","-0.11309724301099777"
"1466.0","-0.11309724301099777"
"1467.0","-0.11938042938709259"
"1468.0","-0.11938042938709259"
"1469.0","-0.11938042938709259"
"1470.0","-0.11938042938709259"
"1471.0","-0.11938042938709259"
"1472.0","-0.11938042938709259"
"1473.0","-0.11938042938709259"
"1474.0","-0.11938042938709259"
"1475.0","-0.11938042938709259"
"1476.0","-0.11938042938709259"
"1477.0","-0.11938042938709259"
"1478.0","-0.11938042938709259"
"1479.0","-0.11938042938709259"
"1480.0","-0.11938042938709259"
"1481.0","-0.11938042938709259"
"1482.0","-0.11938042938709259"
"1483.0","-0.11938042938709259"
"1484.0","-0.11938042938709259"
"1485.0","-0.11938042938709259"
"1486.0","-0.11938042938709259"
"1487.0","-0.11938042938709259"
"1488.0","-0.11938042938709259"
"1489.0","-0.11938042938709259"
"1490.0","-0.11938042938709259"
"1491.0","-0.11938042938709259"
"1492.0","-0.11938042938709259"
"1493.0","-0.11938042938709259"
"1494.0","-0.11938042938709259"
"1495.0","-0.11938042938709259"
"1496.0","-0.11938042938709259"
"1497.0","-0.11938042938709259"
"1498.0","-0.11938042938709259"
"1499.0","-0.11938042938709259"
"1500.0","-0.11938042938709259"
"1501.0","-0.11938042938709259"
"1502.0","-0.11938042938709259"
"1503.0","-0.11938042938709259"
"1504.0","-0.11938042938709259"
"1505.0","-0.11938042938709259"
"1506.0","-0.11938042938709259"
"1507.0","-0.11938042938709259"
"1508.0","-0.11938042938709259"
"1509.0","-0.11938042938709259"
"1510.0","-0.11938042938709259"
"1511.0","-0.11938042938709259"
"1512.0","-0.11938042938709259"
"1513.0","-0.11938042938709259"
"1514.0","-0.11938042938709259"
"1515.0","-0.11938042938709259"
"1516.0","-0.11938042938709259"
"1517.0","-0.11938042938709259"
"1518.0","-0.11938042938709259"
"1519.0","-0.11938042938709259"
"1520.0","-0.11938042938709259"
"1521.0","-0.11938042938709259"
"1522.0","-0.11938042938709259"
"1523.0","-0.11938042938709259"
"1524.0","-0.11938042938709259"
"1525.0","-0.11938042938709259"
"1526.0","-0.11938042938709259"
"1527.0","-0.11938042938709259"
"1528.0","-0.11938042938709259"
"1529.0","-0.11938042938709259"
"1530.0","-0.11938042938709259"
"1531.0","-0.11938042938709259"
"1532.0","-0.11938042938709259"
"1533.0","-0.11938042938709259"
"1534.0","-0.11938042938709259"
"1535.0","-0.11938042938709259"
"1536.0","-0.11938042938709259"
"1537.0","-0.11938042938709259"
"1538.0","-0.11938042938709259"
"1539.0","-0.11938042938709259"
"1540.0","-0.11938042938709259"
"1541.0","-0.11938042938709259"
"1542.0","-0.11938042938709259"
"1543.0","-0.11938042938709259"
"1544.0","-0.11938042938709259"
"1545.0","-0.11938042938709259"
"1546.0","-0.11938042938709259"
"1547.0","-0.11938042938709259"
"1548.0","-0.11938042938709259"
"1549.0","-0.11938042938709259"
"1550.0","-0.11938042938709259"
"1551.0","-0.11938042938709259"
"1552.0","-0.11938042938709259"
"1553.0","-0.11938042938709259"
"1554.0","-0.11938042938709259"
"1555.0","-0.11938042938709259"
"1556.0","-0.11938042938709259"
"1557.0","-0.11938042938709259"
"1558.0","-0.11938042938709259"
"1559.0","-0.11938042938709259"
"1560.0","-0.11938042938709259"
"1561.0","-0.11938042938709259"
"1562.0","-0.11938042938709259"
"1563.0","-0.11938042938709259"
"1564.0","-0.11938042938709259"
"1565.0","-0.11938042938709259"
"1566.0","-0.11938042938709259"
"1567.0","-0.11938042938709259"
"1568.0","-0.11938042938709259"
"1569.0","-0.11938042938709259"
"1570.0","-0.11938042938709259"
"1571.0","-0.11938042938709259"
"1572.0","-0.11938042938709259"
"1573.0","-0.11938042938709259"
"1574.0","-0.11938042938709259"
"1575.0","-0.11938042938709259"
"1576.0","-0.11938042938709259"
"1577.0","-0.11938042938709259"
"1578.0","-0.11938042938709259"
"1579.0","-0.11938042938709259"
"1580.0","-0.11938042938709259"
"1581.0","-0.11938042938709259"
"1582.0","-0.11938042938709259"
"1583.0","-0.11938042938709259"
"1584.0","-0.11938042938709259"
"1585.0","-0.11938042938709259"
"1586.0","-0.11938042938709259"
"1587.0","-0.11938042938709259"
"1588.0","-0.11938042938709259"
"1589.0","-0.11938042938709259"
"1590.0","-0.11938042938709259"
"1591.0","-0.11938042938709259"
"1592.0","-0.11938042938709259"
"1593.0","-0.11938042938709259"
"1594.0","-0.11938042938709259"
"1595.0","-0.11938042938709259"
"1596.0","-0.11938042938709259"
"1597.0","-0.11938042938709259"
"1598.0","-0.11938042938709259"
"1599.0","-0.11938042938709259"
"1600.0","-0.11938042938709259"
"1601.0","-0.11309724301099777"
"1602.0","-0.10053088515996933"
"1603.0","-0.08168134093284607"
"1604.0","-0.056548621505498886"
"1605.0","-0.018849540501832962"
"1606.0","0.025132721289992332"
"1607.0","0.07539816200733185"
"1608.0","0.13194678723812103"
"1609.0","0.20106177031993866"
"1610.0","0.2701767683029175"
"1611.0","0.34557491540908813"
"1612.0","0.4272562563419342"
"1613.0","0.5152207612991333"
"1614.0","0.6031852960586548"
"1615.0","0.6974329948425293"
"1616.0","0.7916806936264038"
"1617.0","0.8859284520149231"
"1618.0","0.9864593148231506"
"1619.0","1.086990237236023"
"1620.0","1.1875211000442505"
"1621.0","1.294335126876831"
"1622.0","1.3948659896850586"
"1623.0","1.5016801357269287"
"1624.0","1.6084941625595093"
"1625.0","1.7153081893920898"
"1626.0","1.82212233543396"
"1627.0","1.9289363622665405"
"1628.0","2.0420336723327637"
"1629.0","2.1488475799560547"
"1630.0","2.2619450092315674"
"1631.0","2.3687589168548584"
"1632.0","2.481856346130371"
"1633.0","2.5949535369873047"
"1634.0","2.7017674446105957"
"1635.0","2.8148648738861084"
"1636.0","2.927962064743042"
"1637.0","3.0410592555999756"
"1638.0","3.154156446456909"
"1639.0","3.267253875732422"
"1640.0","3.3803510665893555"
"1641.0","3.493448257446289"
"1642.0","3.6065454483032227"
"1643.0","3.7196426391601562"
"1644.0","3.832740068435669"
"1645.0","3.9458372592926025"
"1646.0","4.058934688568115"
"1647.0","4.172031879425049"
"1648.0","4.285129070281982"
"1649.0","4.398226261138916"
"1650.0","4.51132345199585"
"1651.0","4.624420642852783"
"1652.0","4.737517833709717"
"1653.0","4.85061502456665"
"1654.0","4.963712692260742"
"1655.0","5.076809883117676"
"1656.0","5.189907073974609"
"1657.0","5.303004264831543"
"1658.0","5.416101455688477"
"1659.0","5.52919864654541"
"1660.0","5.642295837402344"
"1661.0","5.76167631149292"
"1662.0","5.8747735023498535"
"1663.0","5.987870693206787"
"1664.0","6.100967884063721"
"1665.0","6.2140655517578125"
"1666.0","6.3334455490112305"
"1667.0","6.446543216705322"
"1668.0","6.559640407562256"
"1669.0","6.6727375984191895"
"1670.0","6.792118072509766"
"1671.0","6.905215263366699"
"1672.0","7.018312454223633"
"1673.0","7.131409645080566"
"1674.0","7.250790119171143"
"1675.0","7.363887310028076"
"1676.0","7.47698450088501"
"1677.0","7.590081691741943"
"1678.0","7.7094621658325195"
"1679.0","7.822559356689453"
"1680.0","7.935656547546387"
"1681.0","8.04875373840332"
"1682.0","8.161850929260254"
"1683.0","8.274948120117188"
"1684.0","8.394329071044922"
"1685.0","8.507426261901855"
"1686.0","8.620523452758789"
"1687.0","8.733620643615723"
"1688.0","8.85300064086914"
"1689.0","8.96609878540039"
"1690.0","9.079195976257324"
"1691.0","9.192293167114258"
"1692.0","9.311673164367676"
"1693.0","9.42477035522461"
"1694.0","9.537867546081543"
"1695.0","9.650964736938477"
"1696.0","9.770345687866211"
"1697.0","9.883442878723145"
"1698.0","9.996540069580078"
"1699.0","10.109637260437012"
"1700.0","10.222734451293945"
"1701.0","10.335831642150879"
"1702.0","10.455211639404297"
"1703.0","10.56830883026123"
"1704.0","10.68140697479248"
"1705.0","10.794504165649414"
"1706.0","10.907601356506348"
"1707.0","11.020698547363281"
"1708.0","11.133795738220215"
"1709.0","11.246892929077148"
"1710.0","11.359990119934082"
"1711.0","11.473087310791016"
"1712.0","11.58618450164795"
"1713.0","11.699281692504883"
"1714.0","11.818662643432617"
"1715.0","11.93175983428955"
"1716.0","12.044857025146484"
"1717.0","12.157954216003418"
"1718.0","12.271051406860352"
"1719.0","12.39043140411377"
"1720.0","12.503528594970703"
"1721.0","12.616625785827637"
"1722.0","12.72972297668457"
"1723.0","12.849103927612305"
"1724.0","12.962201118469238"
"1725.0","13.075298309326172"
"1726.0","13.188395500183105"
"1727.0","13.301492691040039"
"1728.0","13.420873641967773"
"1729.0","13.533970832824707"
"1730.0","13.64706802368164"
"1731.0","13.760165214538574"
"1732.0","13.879545211791992"
"1733.0","13.992642402648926"
"1734.0","14.10573959350586"
"1735.0","14.218836784362793"
"1736.0","14.331933975219727"
"1737.0","14.44503116607666"
"1738.0","14.564412117004395"
"1739.0","14.677509307861328"
"1740.0","14.790606498718262"
"1741.0","14.903703689575195"
"1742.0","15.016800880432129"
"1743.0","15.136181831359863"
"1744.0","15.249279022216797"
"1745.0","15.36237621307373"
"1746.0","15.475473403930664"
"1747.0","15.588570594787598"
"1748.0","15.707950592041016"
"1749.0","15.82104778289795"
"1750.0","15.934144973754883"
"1751.0","16.047243118286133"
"1752.0","16.166622161865234"
"1753.0","16.279720306396484"
"1754.0","16.3928165435791"
"1755.0","16.50591468811035"
"1756.0","16.6190128326416"
"1757.0","16.73210906982422"
"1758.0","16.84520721435547"
"1759.0","16.958303451538086"
"1760.0","17.071401596069336"
"1761.0","17.184497833251953"
"1762.0","17.297595977783203"
"1763.0","17.41069221496582"
"1764.0","17.52379035949707"
"1765.0","17.643169403076172"
"1766.0","17.756267547607422"
"1767.0","17.869365692138672"
"1768.0","17.98246192932129"
"1769.0","18.09556007385254"
"1770.0","18.208656311035156"
"1771.0","18.321754455566406"
"1772.0","18.434850692749023"
"1773.0","18.554231643676758"
"1774.0","18.667327880859375"
"1775.0","18.780426025390625"
"1776.0","18.893524169921875"
"1777.0","19.012903213500977"
"1778.0","19.126001358032227"
"1779.0","19.239097595214844"
"1780.0","19.352195739746094"
"1781.0","19.46529197692871"
"1782.0","19.584672927856445"
"1783.0","19.697771072387695"
"1784.0","19.810867309570312"
"1785.0","19.923965454101562"
"1786.0","20.03706169128418"
"1787.0","20.156442642211914"
"1788.0","20.26953887939453"
"1789.0","20.38263702392578"
"1790.0","20.4957332611084"
"1791.0","20.60883140563965"
"1792.0","20.7219295501709"
"1793.0","20.84130859375"
"1794.0","20.95440673828125"
"1795.0","21.067502975463867"
"1796.0","21.180601119995117"
"1797.0","21.293697357177734"
"1798.0","21.406795501708984"
"1799.0","21.52617645263672"
"1800.0","21.639272689819336"
"1801.0","21.7460880279541"
"1802.0","21.852901458740234"
"1803.0","21.9471492767334"
"1804.0","22.035114288330078"
"1805.0","22.11679458618164"
"1806.0","22.19219207763672"
"1807.0","22.255023956298828"
"1808.0","22.317855834960938"
"1809.0","22.368122100830078"
"1810.0","22.418386459350586"
"1811.0","22.456087112426758"
"1812.0","22.493785858154297"
"1813.0","22.52520179748535"
"1814.0","22.550334930419922"
"1815.0","22.57546615600586"
"1816.0","22.60059928894043"
"1817.0","22.619449615478516"
"1818.0","22.632015228271484"
"1819.0","22.644582748413086"
"1820.0","22.657148361206055"
"1821.0","22.669713973999023"
"1822.0","22.682281494140625"
"1823.0","22.68856430053711"
"1824.0","22.694847106933594"
"1825.0","22.701129913330078"
"1826.0","22.707414627075195"
"1827.0","22.71369743347168"
"1828.0","22.71369743347168"
"1829.0","22.719980239868164"
"1830.0","22.719980239868164"
"1831.0","22.719980239868164"
"1832.0","22.719980239868164"
"1833.0","22.719980239868164"
"1834.0","22.719980239868164"
"1835.0","22.719980239868164"
"1836.0","22.719980239868164"
"1837.0","22.719980239868164"
"1838.0","22.719980239868164"
"1839.0","22.719980239868164"
"1840.0","22.719980239868164"
"1841.0","22.719980239868164"
"1842.0","22.71369743347168"
"1843.0","22.71369743347168"
"1844.0","22.71369743347168"
"1845.0","22.71369743347168"
"1846.0","22.707414627075195"
"1847.0","22.707414627075195"
"1848.0","22.707414627075195"
"1849.0","22.707414627075195"
"1850.0","22.707414627075195"
"1851.0","22.707414627075195"
"1852.0","22.707414627075195"
"1853.0","22.701129913330078"
"1854.0","22.701129913330078"
"1855.0","22.701129913330078"
"1856.0","22.701129913330078"
"1857.0","22.701129913330078"
"1858.0","22.701129913330078"
"1859.0","22.701129913330078"
"1860.0","22.701129913330078"
"1861.0","22.701129913330078"
"1862.0","22.701129913330078"
"1863.0","22.701129913330078"
"1864.0","22.701129913330078"
"1865.0","22.701129913330078"
"1866.0","22.701129913330078"
"1867.0","22.701129913330078"
"1868.0","22.701129913330078"
"1869.0","22.701129913330078"
"1870.0","22.701129913330078"
"1871.0","22.701129913330078"
"1872.0","22.701129913330078"
"1873.0","22.701129913330078"
"1874.0","22.701129913330078"
"1875.0","22.701129913330078"
"1876.0","22.701129913330078"
"1877.0","22.701129913330078"
"1878.0","22.701129913330078"
"1879.0","22.701129913330078"
"1880.0","22.701129913330078"
"1881.0","22.701129913330078"
"1882.0","22.701129913330078"
"1883.0","22.701129913330078"
"1884.0","22.701129913330078"
"1885.0","22.701129913330078"
"1886.0","22.701129913330078"
"1887.0","22.701129913330078"
"1888.0","22.701129913330078"
"1889.0","22.701129913330078"
"1890.0","22.701129913330078"
"1891.0","22.701129913330078"
"1892.0","22.701129913330078"
"1893.0","22.701129913330078"
"1894.0","22.701129913330078"
"1895.0","22.701129913330078"
"1896.0","22.701129913330078"
"1897.0","22.701129913330078"
"1898.0","22.701129913330078"
"1899.0","22.701129913330078"
"1900.0","22.701129913330078"
"1901.0","22.701129913330078"
"1902.0","22.701129913330078"
"1903.0","22.701129913330078"
"1904.0","22.701129913330078"
"1905.0","22.701129913330078"
"1906.0","22.701129913330078"
"1907.0","22.701129913330078"
"1908.0","22.701129913330078"
"1909.0","22.701129913330078"
"1910.0","22.701129913330078"
"1911.0","22.701129913330078"
"1912.0","22.701129913330078"
"1913.0","22.701129913330078"
"1914.0","22.701129913330078"
"1915.0","22.701129913330078"
"1916.0","22.701129913330078"
"1917.0","22.701129913330078"
"1918.0","22.701129913330078"
"1919.0","22.701129913330078"
"1920.0","22.701129913330078"
"1921.0","22.701129913330078"
"1922.0","22.701129913330078"
"1923.0","22.701129913330078"
"1924.0","22.701129913330078"
"1925.0","22.701129913330078"
"1926.0","22.701129913330078"
"1927.0","22.701129913330078"
"1928.0","22.701129913330078"
"1929.0","22.701129913330078"
"1930.0","22.701129913330078"
"1931.0","22.701129913330078"
"1932.0","22.701129913330078"
"1933.0","22.701129913330078"
"1934.0","22.701129913330078"
"1935.0","22.701129913330078"
"1936.0","22.701129913330078"
"1937.0","22.701129913330078"
"1938.0","22.701129913330078"
"1939.0","22.701129913330078"
"1940.0","22.701129913330078"
"1941.0","22.701129913330078"
"1942.0","22.701129913330078"
"1943.0","22.701129913330078"
"1944.0","22.701129913330078"
"1945.0","22.701129913330078"
"1946.0","22.701129913330078"
"1947.0","22.701129913330078"
"1948.0","22.701129913330078"
"1949.0","22.701129913330078"
"1950.0","22.701129913330078"
"1951.0","22.701129913330078"
"1952.0","22.701129913330078"
"1953.0","22.701129913330078"
"1954.0","22.701129913330078"
"1955.0","22.701129913330078"
"1956.0","22.701129913330078"
"1957.0","22.701129913330078"
"1958.0","22.701129913330078"
"1959.0","22.701129913330078"
"1960.0","22.701129913330078"
"1961.0","22.701129913330078"
"1962.0","22.701129913330078"
"1963.0","22.701129913330078"
"1964.0","22.701129913330078"
"1965.0","22.701129913330078"
"1966.0","22.701129913330078"
"1967.0","22.701129913330078"
"1968.0","22.701129913330078"
"1969.0","22.701129913330078"
"1970.0","22.701129913330078"
"1971.0","22.701129913330078"
"1972.0","22.701129913330078"
"1973.0","22.701129913330078"
"1974.0","22.701129913330078"
"1975.0","22.701129913330078"
"1976.0","22.701129913330078"
"1977.0","22.701129913330078"
"1978.0","22.701129913330078"
"1979.0","22.701129913330078"
"1980.0","22.701129913330078"
"1981.0","22.701129913330078"
"1982.0","22.701129913330078"
"1983.0","22.701129913330078"
"1984.0","22.701129913330078"
"1985.0","22.701129913330078"
"1986.0","22.701129913330078"
"1987.0","22.701129913330078"
"1988.0","22.701129913330078"
"1989.0","22.701129913330078"
"1990.0","22.701129913330078"
"1991.0","22.701129913330078"
"1992.0","22.701129913330078"
"1993.0","22.701129913330078"
"1994.0","22.701129913330078"
"1995.0","22.701129913330078"
"1996.0","22.701129913330078"
"1997.0","22.701129913330078"
"1998.0","22.701129913330078"
"1999.0","22.701129913330078"
